ID,U_NAME,F_NAME,L_NAME,EMAIL,PASS_WD,PHONE,USER_STATUS
100,Hemant.Ku,Hemant,Kumar,hk@gmail.com,abcd1234,0425627777,1
101,Naina.Des,Naina,Desai,nd@gmail.com,cfrt@4567,0452557456,0
102,Mouse.Pand,Mouse,Pandey,mp@yahoo.com,fgshfh@677848,0425425425,2
103,Poona.Kuk,Poona,Kuku,pk@yahoo.com,ghgjhjh@637263478,0656222556,0
104,Panda.slo,Panda,Slow,ps@master.com,hdgjfhdjfk@73873,0426426555,2
